City_ID,City,Country,Date,Lat,Lng,Max Temp,Humidity,Cloudiness,Wind Speed
0,Tiruchchendur,IN,2021-12-20 23:27:55,8.4833,78.1167,75.38,78,39,12.19
1,Port Keats,AU,2021-12-20 23:27:55,-14.25,129.55,84.02,70,100,10.07
2,Atuona,PF,2021-12-20 23:27:55,-9.8,-139.0333,78.04,73,4,10.92
3,Saurimo,AO,2021-12-20 23:27:56,-9.6608,20.3916,66.6,99,100,2.71
4,Faanui,PF,2021-12-20 23:27:56,-16.4833,-151.75,79.97,74,5,8.32
5,La Cruz,MX,2021-12-20 23:27:56,23.9167,-106.9,75.02,46,2,9.75
6,Bluff,NZ,2021-12-20 23:27:56,-46.6,168.3333,62.8,64,62,32.12
7,Khatanga,RU,2021-12-20 23:27:57,71.9667,102.5,-15.38,97,98,11.23
8,Mar Del Plata,AR,2021-12-20 23:24:48,-38.0023,-57.5575,67.08,83,90,1.01
9,Coquimbo,CL,2021-12-20 23:27:57,-29.9533,-71.3436,62.33,82,75,9.22
10,Eenhana,NA,2021-12-20 23:27:57,-17.4667,16.3333,74.95,57,36,5.46
11,San Cristobal,VE,2021-12-20 23:27:58,7.7669,-72.225,73.58,86,92,1.3
12,Yar-Sale,RU,2021-12-20 23:27:58,66.8333,70.8333,-20.88,99,98,11.54
13,Port Alfred,ZA,2021-12-20 23:27:58,-33.5906,26.891,69.64,90,52,19.46
14,Itarema,BR,2021-12-20 23:27:58,-2.9248,-39.9167,80.37,77,69,14.99
15,Preobrazheniye,RU,2021-12-20 23:27:59,42.9019,133.9064,26.76,75,12,12.55
16,Rikitea,PF,2021-12-20 23:23:12,-23.1203,-134.9692,75.81,78,100,17.9
17,Barrow,US,2021-12-20 23:27:59,71.2906,-156.7887,10.42,72,90,25.32
18,Norman Wells,CA,2021-12-20 23:27:59,65.282,-126.8329,-2.16,78,90,3.44
19,Matara,LK,2021-12-20 23:27:59,5.9485,80.5353,74.82,92,63,4.7
20,Hasaki,JP,2021-12-20 23:28:00,35.7333,140.8333,37.8,56,6,8.23
21,Busselton,AU,2021-12-20 23:28:00,-33.65,115.3333,63.05,74,86,12.53
22,Tuy Hoa,VN,2021-12-20 23:28:00,13.0833,109.3,72.39,93,99,4.16
23,Mataura,NZ,2021-12-20 23:28:01,-46.1927,168.8643,62.47,96,100,8.39
24,Vardo,NO,2021-12-20 23:28:01,70.3705,31.1107,28.45,61,100,13.6
25,Kapaa,US,2021-12-20 23:28:01,22.0752,-159.319,80.58,75,40,7.0
26,Codrington,AU,2021-12-20 23:28:01,-38.2667,141.9667,65.52,59,100,14.41
27,Neuquen,AR,2021-12-20 23:24:50,-38.9516,-68.0591,75.09,50,0,9.22
28,Bitung,ID,2021-12-20 23:28:02,1.4451,125.1824,76.05,82,100,8.75
29,Sitka,US,2021-12-20 23:28:02,57.0531,-135.33,35.49,69,75,6.91
30,New Norfolk,AU,2021-12-20 23:28:02,-42.7826,147.0587,63.9,47,95,8.01
31,Grindavik,IS,2021-12-20 23:28:02,63.8424,-22.4338,39.67,100,90,4.61
32,Seoul,KR,2021-12-20 23:28:03,37.5683,126.9778,42.24,100,40,3.44
33,Ahipara,NZ,2021-12-20 23:28:03,-35.1667,173.1667,70.75,60,100,5.32
34,San Patricio,US,2021-12-20 23:28:03,28.017,-97.5169,63.01,49,0,5.73
35,Deputatskiy,RU,2021-12-20 23:28:03,69.3,139.9,-18.26,89,100,5.7
36,Hermanus,ZA,2021-12-20 23:28:04,-34.4187,19.2345,71.91,85,92,14.61
37,Albany,US,2021-12-20 23:28:04,42.6001,-73.9662,31.68,68,58,2.62
38,Vao,NC,2021-12-20 23:28:04,-22.6667,167.4833,76.77,85,85,9.24
39,Gull Lake,CA,2021-12-20 23:28:05,50.1001,-108.4847,3.56,90,99,6.55
40,Esperance,AU,2021-12-20 23:28:05,-33.8667,121.9,64.24,68,23,7.67
41,Cabedelo,BR,2021-12-20 23:25:16,-6.9811,-34.8339,81.27,78,50,12.82
42,Acapulco,MX,2021-12-20 23:25:05,16.8634,-99.8901,85.82,70,40,5.75
43,Carballo,ES,2021-12-20 23:28:05,43.213,-8.691,57.87,86,100,6.26
44,Bredasdorp,ZA,2021-12-20 23:28:06,-34.5322,20.0403,68.29,83,92,14.97
45,Punta Arenas,CL,2021-12-20 23:29:06,-53.15,-70.9167,53.71,62,0,25.32
46,Bay Roberts,CA,2021-12-20 23:29:06,47.5999,-53.2648,23.43,74,72,1.99
47,Tuktoyaktuk,CA,2021-12-20 23:29:06,69.4541,-133.0374,1.4,78,90,17.27
48,Fortuna,US,2021-12-20 23:29:07,40.5982,-124.1573,59.67,69,90,5.01
49,Eureka,US,2021-12-20 23:29:07,40.8021,-124.1637,59.94,64,100,8.99
50,Bosaso,SO,2021-12-20 23:29:07,11.2842,49.1816,74.73,80,63,4.92
51,Antri,IN,2021-12-20 23:29:07,26.0567,78.2144,49.86,29,0,1.57
52,Aykhal,RU,2021-12-20 23:29:08,66.0,111.5,-17.59,99,100,7.65
53,Fallon,US,2021-12-20 23:29:08,39.4735,-118.7774,42.28,65,90,6.91
54,Salalah,OM,2021-12-20 23:29:08,17.0151,54.0924,73.49,78,75,4.61
55,Ribeira Grande,PT,2021-12-20 23:29:08,38.5167,-28.7,61.38,72,93,26.89
56,Kavieng,PG,2021-12-20 23:29:09,-2.5744,150.7967,83.39,75,100,13.69
57,Taltal,CL,2021-12-20 23:29:09,-25.4,-70.4833,64.58,81,78,3.24
58,Rocha,UY,2021-12-20 23:29:09,-34.4833,-54.3333,66.0,91,0,6.64
59,Ushuaia,AR,2021-12-20 23:29:09,-54.8,-68.3,49.66,71,20,40.29
60,Butaritari,KI,2021-12-20 23:29:10,3.0707,172.7902,82.15,69,100,11.56
61,Tingi,TZ,2021-12-20 23:29:10,-11.3,35.0333,65.23,93,99,1.45
62,Cape Town,ZA,2021-12-20 23:27:59,-33.9258,18.4232,72.12,75,0,1.99
63,Arraial Do Cabo,BR,2021-12-20 23:29:10,-22.9661,-42.0278,73.78,78,5,14.85
64,Nueva Concepcion,GT,2021-12-20 23:29:11,14.2,-91.3,83.64,71,76,7.52
65,Souillac,MU,2021-12-20 23:29:11,-20.5167,57.5167,77.38,88,75,3.44
66,Yulara,AU,2021-12-20 23:29:11,-25.2406,130.9889,84.04,18,0,18.41
67,Vaini,TO,2021-12-20 23:29:12,-21.2,-175.2,80.94,73,97,12.37
68,Port Blair,IN,2021-12-20 23:29:12,11.6667,92.75,73.44,88,20,1.14
69,San Joaquin,US,2021-12-20 23:29:12,37.9333,-121.3011,51.04,78,90,6.91
70,Bujaru,BR,2021-12-20 23:29:12,-1.515,-48.0447,82.42,76,100,4.09
71,Severnyy,RU,2021-12-20 23:29:13,50.677,36.5532,19.44,86,75,6.71
72,Batagay-Alyta,RU,2021-12-20 23:29:13,67.8006,130.4114,-23.85,99,100,1.81
73,Karratha,AU,2021-12-20 23:29:13,-20.7377,116.8463,85.55,61,45,8.08
74,Dikson,RU,2021-12-20 23:29:13,73.5069,80.5464,-20.09,93,100,13.18
75,Wanning,CN,2021-12-20 23:29:14,18.8003,110.3967,65.21,89,91,8.1
76,Hamilton,US,2021-12-20 23:29:14,39.1834,-84.5333,39.83,72,1,0.0
77,Salekhard,RU,2021-12-20 23:29:14,66.53,66.6019,-21.64,90,100,14.81
78,Hanzhong,CN,2021-12-20 23:29:14,33.0728,107.0303,39.07,73,0,1.72
79,Caravelas,BR,2021-12-20 23:29:15,-17.7125,-39.2481,71.69,95,13,4.92
80,Suluq,LY,2021-12-20 23:29:15,31.6682,20.2521,57.38,75,93,9.26
81,Waipawa,NZ,2021-12-20 23:29:15,-41.4122,175.5153,66.83,61,63,22.06
82,Delano,US,2021-12-20 23:29:15,35.7688,-119.247,39.65,42,100,4.52
83,Fontem,CM,2021-12-20 23:29:16,5.4685,9.8818,69.69,53,18,2.24
84,Kodiak,US,2021-12-20 23:24:43,57.79,-152.4072,35.11,80,75,4.61
85,Tura,IN,2021-12-20 23:29:16,25.5198,90.2201,55.29,69,3,4.34
86,Belaya Gora,RU,2021-12-20 23:29:16,68.5333,146.4167,-6.83,98,100,8.46
87,Georgetown,MY,2021-12-20 23:29:17,5.4112,100.3354,78.89,87,20,0.0
88,Provideniya,RU,2021-12-20 23:30:17,64.3833,-173.3,8.71,72,0,4.47
89,Mukhen,RU,2021-12-20 23:30:17,48.1,136.1,14.88,95,100,0.58
90,Kaitangata,NZ,2021-12-20 23:30:17,-46.2817,169.8464,55.27,93,80,8.28
91,Klaksvik,FO,2021-12-20 23:30:18,62.2266,-6.589,40.12,76,96,9.28
92,Beringovskiy,RU,2021-12-20 23:30:18,63.05,179.3167,0.79,96,66,4.03
93,Bagdarin,RU,2021-12-20 23:30:18,54.4333,113.6,-26.99,91,9,3.38
94,Oranjestad,AW,2021-12-20 23:30:06,12.524,-70.027,79.92,83,23,3.0
95,Qaanaaq,GL,2021-12-20 23:30:19,77.484,-69.3632,27.9,57,100,13.02
96,Fengcheng,CN,2021-12-20 23:30:19,40.4536,124.0717,25.92,55,0,6.67
97,Severo-Kurilsk,RU,2021-12-20 23:30:19,50.6789,156.125,24.31,66,98,3.69
98,Port Hardy,CA,2021-12-20 23:30:04,50.6996,-127.4199,37.76,75,40,4.61
99,Airai,TL,2021-12-20 23:30:19,-8.9266,125.4092,68.95,79,100,2.13
100,Tarakan,ID,2021-12-20 23:30:20,3.3,117.6333,76.5,94,20,3.44
101,Avarua,CK,2021-12-20 23:30:20,-21.2078,-159.775,82.45,65,20,10.36
102,Nantucket,US,2021-12-20 23:30:16,41.2835,-70.0995,33.1,73,40,4.61
103,Yellowknife,CA,2021-12-20 23:27:02,62.456,-114.3525,-32.71,74,20,2.3
104,Port Elizabeth,ZA,2021-12-20 23:30:21,-33.918,25.5701,70.11,94,75,13.8
105,Adrar,MR,2021-12-20 23:30:21,20.5022,-10.0711,70.11,30,100,4.92
106,Hithadhoo,MV,2021-12-20 23:30:21,-0.6,73.0833,82.26,72,100,3.56
107,Ostrovnoy,RU,2021-12-20 23:30:21,68.0531,39.5131,22.77,86,100,20.11
108,Broome,US,2021-12-20 23:30:22,42.2506,-75.833,33.51,66,1,4.0
109,Portland,US,2021-12-20 23:27:53,45.5234,-122.6762,46.22,94,90,3.0
110,Lyman,UA,2021-12-20 23:30:22,48.9884,37.8023,26.64,95,40,6.44
111,Tilichiki,RU,2021-12-20 23:30:22,60.4667,166.1,4.08,95,100,8.7
112,Jamestown,US,2021-12-20 23:30:14,42.097,-79.2353,36.72,68,1,1.99
113,Bolanos De Calatrava,ES,2021-12-20 23:30:23,38.9069,-3.6635,45.73,71,94,5.3
114,Handan,CN,2021-12-20 23:30:23,36.6006,114.4678,39.22,37,0,4.41
115,Lebu,CL,2021-12-20 23:30:23,-37.6167,-73.65,56.34,80,1,19.71
116,Haines Junction,CA,2021-12-20 23:30:24,60.7522,-137.5108,-2.25,78,100,0.0
117,Tiksi,RU,2021-12-20 23:30:24,71.6872,128.8694,-14.66,98,91,9.84
118,Musafirkhana,IN,2021-12-20 23:30:24,26.3667,81.8,48.67,35,56,4.45
119,Cepu,ID,2021-12-20 23:30:24,-7.1475,111.5906,75.11,96,100,1.83
120,Gilgit,PK,2021-12-20 23:30:25,35.9221,74.3087,32.54,38,95,2.48
121,Gamba,GA,2021-12-20 23:30:25,-2.65,10.0,77.07,93,100,7.27
122,Korla,CN,2021-12-20 23:30:25,41.7597,86.1469,24.51,52,100,3.33
123,Trincomalee,LK,2021-12-20 23:30:26,8.5711,81.2335,79.45,77,73,13.6
124,Cherskiy,RU,2021-12-20 23:30:26,68.75,161.3,-11.78,96,100,22.55
125,Mount Gambier,AU,2021-12-20 23:30:26,-37.8333,140.7667,60.71,88,75,16.11
126,Peace River,CA,2021-12-20 23:30:26,56.2501,-117.286,8.91,72,75,11.5
127,Aras,ES,2021-12-20 23:30:27,42.5617,-2.356,37.31,100,90,2.3
128,Upernavik,GL,2021-12-20 23:30:27,72.7868,-56.1549,33.91,63,100,8.84
129,Walvis Bay,NA,2021-12-20 23:30:27,-22.9575,14.5053,64.09,82,0,3.44
130,North Bend,US,2021-12-20 23:30:28,43.4065,-124.2243,52.92,99,90,3.44
131,Kon Tum,VN,2021-12-20 23:30:28,14.35,108.0,67.48,92,88,1.43
132,Ilulissat,GL,2021-12-20 23:30:28,69.2167,-51.1,48.22,37,100,16.11
133,Namibe,AO,2021-12-20 23:31:29,-15.1961,12.1522,69.04,72,2,7.58
134,Salaga,GH,2021-12-20 23:31:29,8.5508,-0.5188,79.11,21,4,4.5
135,Gravdal,NO,2021-12-20 23:31:29,68.1214,13.5031,35.53,74,100,13.91
136,Kropotkin,RU,2021-12-20 23:31:29,45.4375,40.5756,34.93,98,100,4.43
137,Half Moon Bay,US,2021-12-20 23:30:07,37.4636,-122.4286,58.33,70,75,3.0
138,Longyearbyen,SJ,2021-12-20 23:31:30,78.2186,15.6401,17.44,79,75,13.8
139,Pevek,RU,2021-12-20 23:31:30,69.7008,170.3133,-11.87,94,100,19.69
140,Vostok,RU,2021-12-20 23:31:30,46.4856,135.8833,14.2,95,100,2.04
141,Bayangol,RU,2021-12-20 23:31:30,50.6977,103.4656,-5.66,97,90,2.15
142,Timizart,DZ,2021-12-20 23:31:31,36.8,4.2667,47.91,73,7,4.12
143,Avera,US,2021-12-20 23:31:31,33.194,-82.5271,44.47,43,100,5.99
144,College,US,2021-12-20 23:31:31,64.8569,-147.8028,35.26,93,90,6.91
145,Champerico,GT,2021-12-20 23:31:31,14.3,-91.9167,82.35,73,30,6.33
146,Tiradentes,BR,2021-12-20 23:31:32,-21.1103,-44.1781,64.81,95,57,6.22
147,Leningradskiy,RU,2021-12-20 23:31:32,69.3833,178.4167,-16.69,74,100,12.95
148,Carnarvon,AU,2021-12-20 23:31:32,-24.8667,113.6333,77.07,65,5,17.27
149,Saint-Philippe,RE,2021-12-20 23:31:33,-21.3585,55.7679,76.55,86,92,10.51
150,Bousse,BF,2021-12-20 23:31:33,12.6606,-1.8922,69.37,19,1,9.42
151,Sisimiut,GL,2021-12-20 23:31:33,66.9395,-53.6735,39.13,59,97,18.68
152,Sergach,RU,2021-12-20 23:31:33,55.5308,45.4661,11.46,97,94,4.7
153,Samarai,PG,2021-12-20 23:31:34,-10.6167,150.6667,82.76,70,98,0.49
154,Fort Saint James,CA,2021-12-20 23:31:34,54.4333,-124.25,3.94,95,52,2.59
155,Maceio,BR,2021-12-20 23:31:34,-9.6658,-35.7353,81.84,78,40,9.22
156,Vestmannaeyjar,IS,2021-12-20 23:31:34,63.4427,-20.2734,40.03,80,17,3.04
157,Coihaique,CL,2021-12-20 23:31:35,-45.5752,-72.0662,71.55,24,0,8.05
158,Chuy,UY,2021-12-20 23:31:35,-33.6971,-53.4616,67.69,87,31,7.81
159,Khingansk,RU,2021-12-20 23:31:35,49.1167,131.1833,-7.26,98,100,3.09
160,Ambanja,MG,2021-12-20 23:31:36,-13.6833,48.45,76.42,91,89,2.51
161,East London,ZA,2021-12-20 23:31:36,-33.0153,27.9116,70.81,85,75,14.67
162,Kautokeino,NO,2021-12-20 23:28:55,69.0125,23.0412,-2.4,100,96,2.95
163,Brae,GB,2021-12-20 23:31:37,60.3964,-1.353,39.11,72,57,6.33
164,Beyneu,KZ,2021-12-20 23:31:37,45.3167,55.2,44.28,62,26,17.67
165,Lagoa,PT,2021-12-20 23:31:37,39.05,-27.9833,60.85,78,81,26.66
166,Zaysan,KZ,2021-12-20 23:31:37,47.4667,84.8667,26.01,96,100,1.25
167,Ibra,OM,2021-12-20 23:31:38,22.6906,58.5334,61.56,71,42,3.24
168,Dzilam Gonzalez,MX,2021-12-20 23:31:38,21.2833,-88.9333,73.94,93,82,4.97
169,Burnie,AU,2021-12-20 23:31:38,-41.0667,145.9167,61.95,64,32,17.27
170,Yerbogachen,RU,2021-12-20 23:31:38,61.2767,108.0108,-29.67,99,97,3.87
171,Chernyshevskiy,RU,2021-12-20 23:31:39,63.0128,112.4714,-16.58,98,100,3.04
172,Nanortalik,GL,2021-12-20 23:31:39,60.1432,-45.2371,42.58,73,51,34.72
173,Floro,NO,2021-12-20 23:31:39,61.5996,5.0328,34.97,100,90,6.91
174,Mehamn,NO,2021-12-20 23:31:40,71.0357,27.8492,21.42,69,100,3.31
175,Hobart,AU,2021-12-20 23:30:03,-42.8794,147.3294,64.26,45,40,21.85
176,Charlestown,AU,2021-12-20 23:31:40,-32.95,151.6667,90.01,70,2,1.01
177,Cayenne,GF,2021-12-20 23:31:40,4.9333,-52.3333,82.09,83,0,4.0
178,Srednekolymsk,RU,2021-12-20 23:32:41,67.45,153.6833,-17.25,97,100,18.32
179,Missoula,US,2021-12-20 23:32:41,47.0166,-113.8009,22.1,90,100,3.69
180,Lat Yao,TH,2021-12-20 23:32:41,15.751,99.7893,65.26,80,80,2.57
181,Touros,BR,2021-12-20 23:32:42,-5.1989,-35.4608,83.3,77,67,14.09
182,Ponta Do Sol,PT,2021-12-20 23:32:42,32.6667,-17.1,70.0,93,92,19.22
183,Brownwood,US,2021-12-20 23:32:00,31.7093,-98.9912,61.92,38,1,7.09
184,Katsuura,JP,2021-12-20 23:32:42,35.1333,140.3,42.91,64,0,2.48
185,Alexandria,EG,2021-12-20 23:32:43,31.2156,29.9553,58.98,67,85,21.05
186,Gari,RU,2021-12-20 23:32:43,59.4307,62.3497,10.83,96,100,3.04
187,North Platte,US,2021-12-20 23:31:55,41.1239,-100.7654,30.25,60,1,1.99
188,Port Hope,US,2021-12-20 23:32:43,43.9408,-82.7127,37.47,70,100,12.66
189,Cabo San Lucas,MX,2021-12-20 23:28:15,22.8909,-109.9124,76.3,62,75,1.99
190,Callaway,US,2021-12-20 23:32:43,30.153,-85.5699,51.73,90,90,5.01
191,Luanda,AO,2021-12-20 23:29:42,-8.8368,13.2343,76.78,82,60,7.38
192,Lae,PG,2021-12-20 23:32:44,-6.7221,146.9847,79.47,84,100,1.34
193,Atar,MR,2021-12-20 23:32:44,20.5169,-13.0499,71.64,39,100,10.22
194,Saint-Leu,RE,2021-12-20 23:32:44,-21.15,55.2833,76.03,95,77,11.39
195,Santiago Do Cacem,PT,2021-12-20 23:32:45,38.0169,-8.6948,60.04,87,100,10.25
196,Bengkulu,ID,2021-12-20 23:32:45,-3.8004,102.2655,76.98,90,99,3.53
197,Grand Gaube,MU,2021-12-20 23:32:45,-20.0064,57.6608,77.4,74,53,9.22
198,Dwarka,IN,2021-12-20 23:32:45,22.2394,68.9678,69.67,51,0,6.91
199,Saskylakh,RU,2021-12-20 23:32:46,71.9167,114.0833,-17.64,99,95,5.3
200,Bubaque,GW,2021-12-20 23:32:46,11.2833,-15.8333,80.71,73,50,9.31
201,Sao Filipe,CV,2021-12-20 23:32:46,14.8961,-24.4956,74.62,79,100,11.21
202,Saint George,US,2021-12-20 23:32:46,37.1041,-113.5841,57.67,39,1,1.99
203,Ondjiva,AO,2021-12-20 23:32:47,-17.0667,15.7333,77.99,43,44,10.6
204,Aguada,PR,2021-12-20 23:32:47,18.3794,-67.1882,77.72,92,1,1.99
205,Mackenzie,CA,2021-12-20 23:32:47,55.2999,-123.1698,-0.18,85,90,9.22
206,Toul,FR,2021-12-20 23:32:48,48.6667,5.9167,31.12,93,0,8.05
207,Port Macquarie,AU,2021-12-20 23:28:19,-31.4333,152.9167,90.9,62,3,7.9
208,Flinders,AU,2021-12-20 23:32:48,-34.5833,150.8552,83.8,47,1,6.11
209,Puerto Ayora,EC,2021-12-20 23:28:58,-0.7393,-90.3518,69.55,95,87,8.01
210,Ipero,BR,2021-12-20 23:32:48,-23.3503,-47.6886,78.15,83,12,7.76
211,Lucapa,AO,2021-12-20 23:32:49,-8.4192,20.7447,67.35,97,97,1.66
212,Hilo,US,2021-12-20 23:28:55,19.7297,-155.09,78.28,38,75,5.75
213,Olafsvik,IS,2021-12-20 23:32:49,64.8945,-23.7142,40.64,82,83,6.06
214,Nikolskoye,RU,2021-12-20 23:32:49,59.7035,30.7861,6.03,95,100,7.2
215,Clyde River,CA,2021-12-20 23:32:50,70.4692,-68.5914,14.23,92,90,2.3
216,Komsomolskiy,UZ,2021-12-20 23:32:50,40.4272,71.7189,31.42,86,19,6.91
217,Mussomeli,IT,2021-12-20 23:32:50,37.5778,13.7513,43.2,91,3,3.69
218,Lysyye Gory,RU,2021-12-20 23:32:51,51.5506,44.8414,18.21,98,26,3.67
219,Khuzhir,RU,2021-12-20 23:32:51,53.1939,107.3397,4.23,75,36,4.52
220,Torbay,CA,2021-12-20 23:30:05,47.6666,-52.7314,22.68,78,40,14.97
221,Lahat,ID,2021-12-20 23:32:51,-3.8,103.5333,72.5,94,100,1.95
222,Mount Isa,AU,2021-12-20 23:31:09,-20.7333,139.5,91.17,40,21,5.75
223,Meulaboh,ID,2021-12-20 23:33:52,4.1363,96.1285,75.4,91,100,3.87
224,Hirara,JP,2021-12-20 23:33:52,24.8,125.2833,66.06,82,75,6.91
225,Sistranda,NO,2021-12-20 23:33:11,63.7256,8.834,37.36,82,100,12.44
226,Mountain Home,US,2021-12-20 23:33:52,43.133,-115.6912,48.94,87,90,16.11
227,Talnakh,RU,2021-12-20 23:33:53,69.4865,88.3972,-30.8,94,69,3.74
228,Oum Hadjer,TD,2021-12-20 23:33:53,13.2954,19.6966,69.98,23,7,11.41
229,Nhulunbuy,AU,2021-12-20 23:33:53,-12.2333,136.7667,88.41,55,75,10.36
230,Bantou,CN,2021-12-20 23:33:54,26.2151,117.4893,51.4,98,100,2.08
231,Castro,BR,2021-12-20 23:33:54,-24.7911,-50.0119,61.93,67,5,6.04
232,Yarada,IN,2021-12-20 23:33:54,17.65,83.2667,64.72,88,20,2.3
233,Pemangkat,ID,2021-12-20 23:33:55,1.1667,108.9667,77.58,90,99,3.89
234,Saint-Georges,GD,2021-12-20 23:33:55,12.0564,-61.7485,78.48,78,20,10.36
235,Northam,GB,2021-12-20 23:33:55,51.0333,-4.2167,47.01,83,76,11.25
236,Golden,US,2021-12-20 23:29:47,39.7555,-105.2211,56.98,23,20,3.0
237,Labuhan,ID,2021-12-20 23:33:56,-6.8844,112.2051,77.32,89,100,5.66
238,Havelock,US,2021-12-20 23:33:56,34.8791,-76.9013,45.95,82,1,1.99
239,Huanren,CN,2021-12-20 23:33:56,41.2647,125.3667,18.41,83,13,4.29
240,Dingle,PH,2021-12-20 23:33:57,10.9995,122.6711,78.94,88,93,7.76
241,Karpogory,RU,2021-12-20 23:33:57,64.0019,44.4451,-0.8,98,94,3.96
242,Pangody,RU,2021-12-20 23:33:57,65.85,74.4859,-22.34,86,92,12.91
243,Ratodero,PK,2021-12-20 23:33:57,27.803,68.2871,46.42,15,24,3.38
244,Nosy Varika,MG,2021-12-20 23:33:58,-20.5833,48.5333,74.3,96,100,4.09
245,Aripuana,BR,2021-12-20 23:31:05,-9.1667,-60.6333,74.37,98,100,1.34
246,Mweka,CD,2021-12-20 23:33:58,-4.85,21.5667,69.76,88,93,0.94
247,Husavik,IS,2021-12-20 23:33:59,66.0449,-17.3389,31.91,90,46,3.6
248,Novobureyskiy,RU,2021-12-20 23:33:59,49.798,129.8774,-2.58,92,100,13.8
249,Rawlins,US,2021-12-20 23:33:17,41.7911,-107.2387,37.62,38,1,11.5
250,Hue,VN,2021-12-20 23:31:44,16.4667,107.6,66.31,82,75,5.75
251,Dera Ghazi Khan,PK,2021-12-20 23:33:59,30.0561,70.6348,54.63,17,0,8.61
252,Wladyslawowo,PL,2021-12-20 23:34:00,54.7909,18.4009,31.41,52,100,20.29
253,Yumen,CN,2021-12-20 23:34:00,40.2833,97.2,26.38,28,54,15.41
254,Susanville,US,2021-12-20 23:32:29,40.4163,-120.653,30.67,73,90,0.0
255,Vila,PT,2021-12-20 23:34:00,42.0304,-8.1588,47.28,93,100,4.5
256,Te Anau,NZ,2021-12-20 23:34:00,-45.4167,167.7167,60.44,62,91,13.38
257,Mayo,US,2021-12-20 23:34:01,38.8876,-76.5119,38.1,70,1,1.01
258,Djenne,ML,2021-12-20 23:34:01,13.9061,-4.5533,71.8,14,43,10.2
259,Christchurch,NZ,2021-12-20 23:33:36,-43.5333,172.6333,79.0,31,0,10.0
260,Veraval,IN,2021-12-20 23:34:01,20.9,70.3667,68.07,29,0,7.4
261,Bull Savanna,JM,2021-12-20 23:34:01,17.8868,-77.5902,74.32,77,2,6.62
262,Nampa,US,2021-12-20 23:33:00,43.5407,-116.5635,44.71,82,75,5.75
263,Sao Felix Do Xingu,BR,2021-12-20 23:34:02,-6.6447,-51.995,74.14,98,100,0.89
264,Hambantota,LK,2021-12-20 23:34:02,6.1241,81.1185,75.33,86,57,8.75
265,Ola,RU,2021-12-20 23:34:02,59.5833,151.2833,2.14,97,98,7.23
266,Nabire,ID,2021-12-20 23:34:03,-3.3667,135.4833,83.16,70,98,1.77
267,Kitgum,UG,2021-12-20 23:34:03,3.2783,32.8867,71.35,67,99,4.7
268,Rincon De La Victoria,ES,2021-12-20 23:34:03,36.7172,-4.2758,59.09,79,97,2.86
269,Pital,CO,2021-12-20 23:34:04,2.2665,-75.8044,71.71,85,97,1.5
270,Tamworth,GB,2021-12-20 23:34:01,52.634,-1.6959,40.82,80,100,1.01
271,Vitim,RU,2021-12-20 23:35:04,59.4511,112.5578,-25.78,95,100,4.45
272,Ararangua,BR,2021-12-20 23:35:04,-28.9347,-49.4858,70.59,88,28,1.21
273,Lompoc,US,2021-12-20 23:34:46,34.6391,-120.4579,59.02,67,90,5.01
274,Lata,PT,2021-12-20 23:35:05,40.1629,-8.3327,59.92,96,100,5.35
275,Fare,PF,2021-12-20 23:35:05,-16.7,-151.0167,80.4,72,12,7.36
276,Placido De Castro,BR,2021-12-20 23:35:05,-10.3353,-67.1856,74.66,96,95,1.61
277,Ruteng,ID,2021-12-20 23:35:06,-8.6136,120.4721,70.29,78,100,2.06
278,Belem,BR,2021-12-20 23:32:44,-1.4558,-48.5044,82.44,74,0,10.36
279,Yakovlevskoye,RU,2021-12-20 23:35:06,55.4419,37.9506,7.3,75,75,11.18
280,Kadiri,IN,2021-12-20 23:35:06,14.1167,78.1667,61.18,87,25,2.86
281,Chokurdakh,RU,2021-12-20 23:35:06,70.6333,147.9167,-7.19,95,100,13.71
282,San Ignacio,BZ,2021-12-20 23:35:07,17.1561,-89.0714,82.54,74,40,6.91
283,Hualmay,PE,2021-12-20 23:35:07,-11.0964,-77.6139,69.22,79,33,10.22
284,Lubbock,US,2021-12-20 23:35:07,33.6001,-101.8338,55.65,23,1,0.0
285,Saqqez,IR,2021-12-20 23:35:08,36.2499,46.2735,35.1,72,75,19.82
286,Kavaratti,IN,2021-12-20 23:35:08,10.5669,72.642,79.74,68,88,5.19
287,Prudnik,PL,2021-12-20 23:35:08,50.3212,17.5746,30.72,93,71,9.51
288,Kutum,SD,2021-12-20 23:35:09,14.2,24.6667,56.12,27,0,9.78
289,Huarmey,PE,2021-12-20 23:35:09,-10.0681,-78.1522,69.51,79,25,9.44
290,Shirokiy,RU,2021-12-20 23:35:09,49.758,129.523,-4.77,91,100,16.33
291,Sao Joao Da Barra,BR,2021-12-20 23:35:10,-21.6403,-41.0511,73.26,79,7,10.56
292,Devils Lake,US,2021-12-20 23:35:10,48.1128,-98.8651,1.94,74,1,1.99
293,Victoria,HK,2021-12-20 23:32:56,22.2855,114.1577,63.25,93,100,1.01
294,Riyadh,SA,2021-12-20 23:30:26,24.6877,46.7219,66.34,40,47,6.2
295,Kushima,JP,2021-12-20 23:35:10,31.4583,131.2333,44.64,69,100,3.47
296,Necochea,AR,2021-12-20 23:35:10,-38.5473,-58.7368,62.04,83,54,15.77
297,Guerrero Negro,MX,2021-12-20 23:35:11,27.9769,-114.0611,68.23,36,55,8.77
298,Reitz,ZA,2021-12-20 23:35:11,-27.8014,28.4273,53.56,92,35,5.06
299,Whitehorse,CA,2021-12-20 23:35:11,60.7161,-135.0538,3.97,85,90,5.75
300,Lazaro Cardenas,MX,2021-12-20 23:35:12,17.9583,-102.2,80.49,72,17,5.97
301,Yuncheng,CN,2021-12-20 23:35:12,35.0231,110.9928,36.9,44,0,1.92
302,Kargil,IN,2021-12-20 23:35:12,34.5667,76.1,9.19,85,100,0.63
303,Khani,GE,2021-12-20 23:35:12,41.9563,42.9566,35.17,97,99,4.23
304,Challans,FR,2021-12-20 23:35:13,46.8436,-1.8749,37.6,91,13,11.12
305,Kimbe,PG,2021-12-20 23:35:13,-5.5502,150.1429,81.5,77,100,2.42
306,Lavrentiya,RU,2021-12-20 23:35:13,65.5833,-171.0,-5.15,72,7,11.1
307,Balaipungut,ID,2021-12-20 23:35:13,1.05,101.2833,77.41,92,100,1.45
308,Arrifes,PT,2021-12-20 23:35:14,37.7667,-25.7,59.25,77,40,17.27
309,Sokoni,TZ,2021-12-20 23:35:14,-6.4333,39.55,81.7,79,100,7.52
310,Carauari,BR,2021-12-20 23:35:14,-4.8828,-66.8958,76.14,97,99,0.58
311,Maurawan,IN,2021-12-20 23:35:15,26.4333,80.8833,44.64,32,22,3.42
312,Atambua,ID,2021-12-20 23:35:15,-9.1061,124.8925,79.99,75,100,1.95
313,Nome,US,2021-12-20 23:33:18,64.5011,-165.4064,19.47,79,75,11.5
314,Mumford,GH,2021-12-20 23:35:15,5.2618,-0.759,79.66,77,13,4.88
315,Ancud,CL,2021-12-20 23:35:16,-41.8697,-73.8203,66.22,73,2,3.0
316,Kahului,US,2021-12-20 23:36:16,20.8947,-156.47,80.96,67,20,19.57
317,Jamame,SO,2021-12-20 23:36:16,0.0722,42.7506,78.22,85,82,8.21
318,Thompson,CA,2021-12-20 23:36:17,55.7435,-97.8558,-16.44,76,20,11.5
319,Wajir,KE,2021-12-20 23:36:17,1.7471,40.0573,77.68,80,98,9.89
320,Posse,BR,2021-12-20 23:36:17,-14.0931,-46.3694,70.25,92,59,1.88
321,Espanola,US,2021-12-20 23:36:18,35.9911,-106.0806,52.54,39,0,3.76
322,Maniitsoq,GL,2021-12-20 23:36:18,65.4167,-52.9,40.19,57,61,22.84
323,Hobyo,SO,2021-12-20 23:36:18,5.3505,48.5268,77.7,79,61,19.57
324,Paso De Los Toros,UY,2021-12-20 23:36:19,-32.8167,-56.5167,88.14,36,15,27.22
325,Mayor Pablo Lagerenza,PY,2021-12-20 23:36:19,-19.9309,-60.7718,73.96,97,100,4.63
326,Soyalo,MX,2021-12-20 23:36:19,16.9,-92.9167,65.3,95,94,4.83
327,Arandis,NA,2021-12-20 23:36:19,-22.4167,14.9667,57.47,47,0,3.8
328,Tasiilaq,GL,2021-12-20 23:36:20,65.6145,-37.6368,35.76,61,96,7.72
329,Usinsk,RU,2021-12-20 23:36:20,65.9939,57.5281,-4.41,96,100,8.68
330,Santa Maria Da Vitoria,BR,2021-12-20 23:36:20,-13.3947,-44.1886,71.55,96,41,2.33
331,Tenenkou,ML,2021-12-20 23:36:21,14.4572,-4.9169,71.46,13,64,9.75
332,Kanigiri,IN,2021-12-20 23:36:21,15.4,79.5167,63.97,77,5,1.7
333,Tyumentsevo,RU,2021-12-20 23:36:21,53.3224,81.498,26.67,98,100,4.99
334,Xuzhou,CN,2021-12-20 23:36:22,34.1805,117.1571,41.5,50,0,1.5
335,Narsaq,GL,2021-12-20 23:36:22,60.9167,-46.05,50.22,54,30,21.03
336,Farafangana,MG,2021-12-20 23:36:22,-22.8167,47.8333,71.96,88,100,6.76
337,Caramay,PH,2021-12-20 23:36:22,10.1815,119.236,79.56,87,28,3.22
338,Williams Lake,CA,2021-12-20 23:36:23,52.1415,-122.1445,6.37,78,90,6.91
339,Naze,JP,2021-12-20 23:36:23,28.3667,129.4833,54.52,57,100,4.21
340,Rio Gallegos,AR,2021-12-20 23:36:23,-51.6226,-69.2181,59.05,41,20,42.57
341,Finschhafen,PG,2021-12-20 23:36:24,-6.6024,147.8681,76.26,88,100,3.36
342,Eluru,IN,2021-12-20 23:36:24,16.7,81.1,64.08,85,2,2.93
343,Aktas,KZ,2021-12-20 23:36:24,49.7789,72.9608,26.35,96,100,5.48
344,Gat,IL,2021-12-20 23:36:25,31.61,34.7642,50.4,100,97,18.45
345,Kashmor,PK,2021-12-20 23:36:25,28.4333,69.5833,58.98,15,1,2.8
346,Diapaga,BF,2021-12-20 23:36:25,12.0708,1.7889,70.34,21,26,8.68
347,Margate,GB,2021-12-20 23:36:25,51.3813,1.3862,43.7,73,100,1.99
348,Joensuu,FI,2021-12-20 23:36:26,62.6012,29.7632,5.49,82,0,8.05
349,Laguna De Duero,ES,2021-12-20 23:36:26,41.5815,-4.7233,48.04,87,90,5.75
350,Zhongshu,CN,2021-12-20 23:36:26,24.5167,103.7667,40.42,94,3,2.75
351,Tateyama,JP,2021-12-20 23:36:27,34.9833,139.8667,53.87,65,5,2.35
352,Maryville,US,2021-12-20 23:36:27,35.7565,-83.9705,45.27,82,75,1.01
353,Mosetse,BW,2021-12-20 23:36:27,-20.75,26.65,66.4,80,100,13.2
354,Myitkyina,MM,2021-12-20 23:36:27,25.3833,97.4,53.01,79,0,2.91
355,Koutsouras,GR,2021-12-20 23:36:28,35.0339,25.9469,56.52,61,7,3.76
356,Marsh Harbour,BS,2021-12-20 23:36:28,26.5412,-77.0636,76.32,78,63,5.1
357,Ulladulla,AU,2021-12-20 23:36:28,-35.35,150.4667,84.87,56,17,6.29
358,San Quintin,MX,2021-12-20 23:36:29,30.4833,-115.95,62.69,52,91,7.29
359,Lagos,NG,2021-12-20 23:36:29,6.5833,3.75,80.92,63,7,2.77
360,Darhan,MN,2021-12-20 23:36:30,49.4867,105.9228,-2.56,96,79,1.43
361,Ponta Delgada,PT,2021-12-20 23:36:30,37.7333,-25.6667,61.52,77,40,17.27
362,Chapais,CA,2021-12-20 23:36:30,49.7834,-74.8492,17.38,94,100,11.54
363,Bambous Virieux,MU,2021-12-20 23:37:31,-20.3428,57.7575,77.25,88,75,3.44
364,Quesnel,CA,2021-12-20 23:37:31,52.9999,-122.5029,9.1,72,90,10.36
365,Talant,FR,2021-12-20 23:37:31,47.3369,5.0089,32.61,80,0,5.75
366,San Policarpo,PH,2021-12-20 23:37:31,12.1791,125.5072,80.92,85,100,12.19
367,Jumla,NP,2021-12-20 23:37:32,29.2747,82.1838,32.36,40,13,4.99
368,Cochrane,CA,2021-12-20 23:35:55,51.1834,-114.4687,14.27,40,1,6.91
369,Mezen,RU,2021-12-20 23:37:32,65.8522,44.24,2.35,94,100,7.96
370,Namatanai,PG,2021-12-20 23:37:32,-3.6667,152.4333,83.88,71,99,5.79
371,Yelovo,RU,2021-12-20 23:37:32,57.0538,54.9207,16.0,95,49,5.75
372,Warangal,IN,2021-12-20 23:37:33,18.0,79.5833,54.12,37,0,4.9
373,Lorengau,PG,2021-12-20 23:37:33,-2.0226,147.2712,82.2,80,96,5.26
374,Saldanha,ZA,2021-12-20 23:37:33,-33.0117,17.9442,69.85,86,69,4.74
375,Muros,ES,2021-12-20 23:37:33,42.7762,-9.0603,57.85,92,100,9.82
376,Kruisfontein,ZA,2021-12-20 23:37:34,-34.0033,24.7314,67.89,79,97,9.66
377,Biak,ID,2021-12-20 23:37:34,-0.9131,122.8766,81.0,71,100,4.05
378,Tuscaloosa,US,2021-12-20 23:36:35,33.2098,-87.5692,48.97,88,90,6.91
379,Crib Point,AU,2021-12-20 23:37:34,-38.35,145.2,73.85,75,4,10.18
380,Ketchikan,US,2021-12-20 23:33:37,55.3422,-131.6461,28.87,74,1,8.05
381,Sibolga,ID,2021-12-20 23:37:35,1.7427,98.7792,75.2,86,97,2.73
382,Karuzi,BI,2021-12-20 23:37:35,-3.125,30.1333,60.17,96,100,1.41
383,Cockburn Town,TC,2021-12-20 23:37:35,21.4612,-71.1419,78.76,73,75,9.22
384,Lamu,KE,2021-12-20 23:37:35,-2.2717,40.902,79.02,86,100,8.3
385,Boysun,UZ,2021-12-20 23:37:36,38.2061,67.1986,42.1,54,6,7.02
386,Vila Velha,BR,2021-12-20 23:37:36,-20.3297,-40.2925,71.94,89,40,4.61
387,Hami,CN,2021-12-20 23:32:52,42.8,93.45,23.49,55,98,1.54
388,Ayorou,NE,2021-12-20 23:37:36,14.7308,0.9174,67.01,17,35,11.18
389,Zelenoborskiy,RU,2021-12-20 23:37:37,66.845,32.3622,6.21,96,83,6.58
390,Vila Do Maio,CV,2021-12-20 23:37:37,15.1333,-23.2167,75.42,74,100,15.64
391,Diego De Almagro,CL,2021-12-20 23:37:37,-26.3667,-70.05,64.22,58,66,6.4
392,Amga,RU,2021-12-20 23:37:37,60.8953,131.9608,-47.6,100,91,1.54
393,Erzin,TR,2021-12-20 23:37:38,36.9559,36.2,41.72,89,84,0.25
394,Dunedin,NZ,2021-12-20 23:32:48,-45.8742,170.5036,67.8,55,17,14.67
395,Alofi,NU,2021-12-20 23:37:38,-19.0595,-169.9187,84.09,65,40,14.97
396,Shuangcheng,CN,2021-12-20 23:37:38,45.35,126.2833,2.88,81,3,12.73
397,Pakxe,LA,2021-12-20 23:37:38,15.1167,105.7833,66.78,86,11,2.1
398,Iraucuba,BR,2021-12-20 23:37:39,-3.7461,-39.7833,78.93,72,63,6.26
399,Mahebourg,MU,2021-12-20 23:37:39,-20.4081,57.7,77.29,88,75,3.44
400,Anloga,GH,2021-12-20 23:37:39,5.7947,0.8973,77.22,64,27,3.09
401,Yemanzhelinsk,RU,2021-12-20 23:37:39,54.7547,61.3208,28.35,92,100,11.99
402,Toora-Khem,RU,2021-12-20 23:37:40,52.4675,96.11,14.5,97,100,2.15
403,Kuytun,RU,2021-12-20 23:37:40,54.3419,101.5036,-5.91,96,100,5.08
404,Altamira,BR,2021-12-20 23:37:40,-3.2033,-52.2064,78.89,100,0,1.14
405,Tortoli,IT,2021-12-20 23:37:40,39.9256,9.6572,49.82,71,0,8.05
406,Isangel,VU,2021-12-20 23:37:41,-19.55,169.2667,86.11,84,40,4.61
407,Nowy Tomysl,PL,2021-12-20 23:37:41,52.3195,16.1284,32.25,89,41,6.26
408,Kokopo,PG,2021-12-20 23:37:41,-4.352,152.2633,78.31,85,100,2.37
409,Yerofey Pavlovich,RU,2021-12-20 23:38:42,53.9667,121.9667,-25.19,92,14,3.51
410,Oktyabrskoye,RU,2021-12-20 23:38:42,43.0645,44.7417,24.94,93,13,4.47
411,Juarez,MX,2021-12-20 23:38:09,31.7333,-106.4833,61.61,18,1,4.61
412,Athens,GR,2021-12-20 23:38:42,37.9795,23.7162,51.37,65,55,1.99
413,Florianopolis,BR,2021-12-20 23:33:59,-27.6146,-48.5012,75.38,73,40,17.27
414,Tutoia,BR,2021-12-20 23:38:43,-2.7619,-42.2744,84.18,78,59,13.69
415,Miri,MY,2021-12-20 23:38:43,4.4148,114.0089,75.34,94,40,3.44
416,Luderitz,NA,2021-12-20 23:38:43,-26.6481,15.1594,59.0,86,0,0.94
417,Una,IN,2021-12-20 23:38:43,20.8167,71.0333,65.28,27,0,6.55
418,Cidreira,BR,2021-12-20 23:38:44,-30.1811,-50.2056,72.05,90,30,10.96
419,Victor Harbor,AU,2021-12-20 23:38:44,-35.5667,138.6167,75.79,71,27,3.0
420,Tuatapere,NZ,2021-12-20 23:38:44,-46.1333,167.6833,62.82,57,84,15.77
421,Shimoda,JP,2021-12-20 23:38:45,34.6667,138.95,53.96,65,5,13.67
422,Kuryk,KZ,2021-12-20 23:38:45,43.2,51.65,46.06,89,33,4.68
423,Ojinaga,MX,2021-12-20 23:38:45,29.5667,-104.4167,65.35,36,1,6.91
424,Shihezi,CN,2021-12-20 23:38:46,44.3,86.0333,22.17,82,100,2.53
425,Hofn,IS,2021-12-20 23:38:46,64.2539,-15.2082,38.44,77,14,9.19
426,Jaciara,BR,2021-12-20 23:38:46,-15.9653,-54.9683,73.22,95,100,1.45
427,Sinegorye,RU,2021-12-20 23:38:47,62.0788,150.477,-33.27,92,93,0.83
428,Pangnirtung,CA,2021-12-20 23:38:47,66.1451,-65.7125,6.8,78,90,13.8
429,Aklavik,CA,2021-12-20 23:38:47,68.2191,-135.0107,19.4,93,90,5.75
430,Kurmanayevka,RU,2021-12-20 23:38:47,52.5093,52.0675,32.81,98,100,10.85
431,Aasiaat,GL,2021-12-20 23:38:48,68.7098,-52.8699,35.58,69,72,14.81
432,Severodvinsk,RU,2021-12-20 23:38:48,64.5635,39.8302,7.5,95,95,6.31
433,Kloulklubed,PW,2021-12-20 23:38:48,7.0419,134.2556,84.7,78,75,17.72
434,Bathsheba,BB,2021-12-20 23:38:49,13.2167,-59.5167,79.41,69,20,14.97
435,Fairbanks,US,2021-12-20 23:38:49,64.8378,-147.7164,31.3,93,75,3.44
436,Todos Santos,MX,2021-12-20 23:38:49,23.45,-110.2167,75.79,55,99,3.91
437,Arrecife,ES,2021-12-20 23:38:50,28.963,-13.5477,66.27,88,20,3.44
438,Orlik,RU,2021-12-20 23:38:50,52.5178,99.825,9.39,91,100,3.27
439,Sulangan,PH,2021-12-20 23:38:50,11.1373,123.7228,80.56,81,83,10.96
440,Mechetinskaya,RU,2021-12-20 23:38:50,46.7713,40.456,33.78,100,100,8.68
441,Amahai,ID,2021-12-20 23:38:51,-3.3333,128.9167,84.24,70,78,2.1
442,Geraldton,AU,2021-12-20 23:38:51,-28.7667,114.6,72.01,78,90,20.71
443,Iquique,CL,2021-12-20 23:33:58,-20.2208,-70.1431,66.24,79,94,2.64
444,Venado Tuerto,AR,2021-12-20 23:38:51,-33.7456,-61.9688,83.79,26,7,8.55
445,Pitimbu,BR,2021-12-20 23:38:52,-7.4706,-34.8086,81.19,78,80,10.63
446,Reconquista,AR,2021-12-20 23:38:52,-29.15,-59.65,87.37,38,96,6.96
447,Panama City,PA,2021-12-20 23:38:52,8.9936,-79.5197,82.06,88,75,4.61
448,Qaqortoq,GL,2021-12-20 23:38:52,60.7167,-46.0333,50.5,65,43,15.55
449,Vyazma,RU,2021-12-20 23:38:53,55.2104,34.2951,-3.62,93,100,9.91
450,Bethel,US,2021-12-20 23:38:10,41.3712,-73.414,33.49,57,1,3.44
451,Farmington,US,2021-12-20 23:38:53,36.7281,-108.2187,43.48,33,1,5.75
452,Megion,RU,2021-12-20 23:38:54,61.0296,76.1136,-21.98,89,100,14.56
453,Yangambi,CD,2021-12-20 23:38:54,0.8102,24.4336,71.56,83,100,0.27
454,High Rock,BS,2021-12-20 23:38:54,26.6208,-78.2833,73.42,81,62,9.4
455,Cuamba,MZ,2021-12-20 23:38:55,-14.8031,36.5372,70.48,95,95,3.13
456,Sambava,MG,2021-12-20 23:38:55,-14.2667,50.1667,75.87,90,79,3.18
457,Novorudnyy,RU,2021-12-20 23:38:55,51.5026,58.1873,27.09,93,100,10.16
458,Polunochnoye,RU,2021-12-20 23:39:55,60.8697,60.4153,-6.5,97,100,7.16
459,Cap Malheureux,MU,2021-12-20 23:39:56,-19.9842,57.6142,77.49,75,70,6.24
460,Los Llanos De Aridane,ES,2021-12-20 23:35:04,28.6585,-17.9182,64.15,93,0,1.99
461,Santa Cruz De La Palma,ES,2021-12-20 23:39:56,28.6835,-17.7642,68.14,64,0,4.61
462,Crotone,IT,2021-12-20 23:39:56,39.0851,17.1178,50.09,73,27,10.49
463,Harwich,GB,2021-12-20 23:39:57,51.9419,1.2844,43.0,85,100,4.0
464,Scarborough,GB,2021-12-20 23:38:09,54.2797,-0.4044,40.08,87,100,1.3
465,Iqaluit,CA,2021-12-20 23:39:57,63.7506,-68.5145,-2.47,78,75,8.05
466,Gallup,US,2021-12-20 23:39:57,35.5281,-108.7426,54.36,16,1,5.75
467,Egvekinot,RU,2021-12-20 23:39:58,66.3167,-179.1667,-34.55,89,5,3.24
468,Wakkanai,JP,2021-12-20 23:39:58,45.4094,141.6739,30.58,83,100,3.13
469,Pavlodar,KZ,2021-12-20 23:39:58,52.3,76.95,30.0,80,90,11.18
470,Horsham,GB,2021-12-20 23:39:59,51.064,-0.3272,43.65,86,75,3.44
471,Chippewa Falls,US,2021-12-20 23:39:59,44.9369,-91.3929,20.17,61,1,9.22
472,Swidwin,PL,2021-12-20 23:39:59,53.7746,15.7767,34.95,100,98,5.35
473,Bainbridge,US,2021-12-20 23:35:51,47.6262,-122.5212,40.21,76,90,1.99
474,Sechura,PE,2021-12-20 23:40:00,-5.5569,-80.8222,72.19,69,88,14.97
475,Calabozo,VE,2021-12-20 23:40:00,8.9242,-67.4293,83.26,55,92,6.91
476,Blenheim,NZ,2021-12-20 23:40:00,-41.516,173.9528,80.19,40,3,1.99
477,Hovd,MN,2021-12-20 23:40:01,48.0056,91.6419,15.04,70,56,7.56
478,Knysna,ZA,2021-12-20 23:40:01,-34.0363,23.0471,66.58,95,84,6.15
479,Toropets,RU,2021-12-20 23:40:01,56.4978,31.6353,4.98,89,95,9.1
480,Yinchuan,CN,2021-12-20 23:40:02,38.4681,106.2731,32.25,22,0,6.17
481,Bermejo,AR,2021-12-20 23:40:02,-32.8833,-68.8,94.91,46,40,4.61
482,Barhi,IN,2021-12-20 23:40:02,23.9,80.8,46.74,33,0,1.81
483,Sao Mateus,BR,2021-12-20 23:40:03,-18.7161,-39.8589,71.01,95,77,5.1
484,Boden,SE,2021-12-20 23:40:03,65.8252,21.6886,10.4,96,20,5.35
485,Mana,GF,2021-12-20 23:40:03,5.6592,-53.7767,77.77,91,100,6.73
486,Hervey Bay,AU,2021-12-20 23:37:49,-25.2986,152.8535,82.51,61,70,3.87
487,Rybachiy,RU,2021-12-20 23:40:04,48.7073,44.7449,33.66,97,100,4.34
488,Malakal,SS,2021-12-20 23:40:04,9.5334,31.6605,76.26,19,86,8.66
489,Buchanan,LR,2021-12-20 23:40:04,5.8808,-10.0467,80.01,82,24,6.46
490,Imeni Zhelyabova,RU,2021-12-20 23:40:05,58.9544,36.5956,-2.76,96,100,6.22
491,Nyurba,RU,2021-12-20 23:40:05,63.2842,118.3319,-21.12,100,100,2.51
492,Skjervoy,NO,2021-12-20 23:40:05,70.0311,20.9714,29.77,57,5,12.44
493,Armidale,AU,2021-12-20 23:40:06,-30.5167,151.65,79.81,40,1,10.63
494,Lekoni,GA,2021-12-20 23:40:06,-1.5843,14.2591,76.26,78,50,3.91
495,Orkney,ZA,2021-12-20 23:40:06,-26.9802,26.6727,65.8,60,72,9.46
496,Harper,LR,2021-12-20 23:40:06,4.375,-7.7169,79.99,82,41,7.0
497,Antofagasta,CL,2021-12-20 23:40:07,-23.65,-70.4,65.48,79,99,5.03
498,Woodward,US,2021-12-20 23:40:07,36.4337,-99.3904,56.43,32,1,4.61
499,Mugur-Aksy,RU,2021-12-20 23:40:07,50.35,90.5,5.9,84,70,6.91
500,Aksu,CN,2021-12-20 23:40:07,41.1231,80.2644,22.82,61,80,1.63
501,Quatre Cocos,MU,2021-12-20 23:40:08,-20.2078,57.7625,77.11,82,83,8.05
502,Teahupoo,PF,2021-12-20 23:40:08,-17.8333,-149.2667,78.76,72,51,6.46
503,Waingapu,ID,2021-12-20 23:40:08,-9.6567,120.2641,83.98,73,98,6.93
504,Xiuyan,CN,2021-12-20 23:40:08,40.2928,123.2744,24.31,64,0,6.93
505,Vilaka,LV,2021-12-20 23:41:09,57.1846,27.6722,17.24,87,97,7.27
506,Kachiry,KZ,2021-12-20 23:41:09,53.0675,76.1036,7.66,98,73,4.47
507,Bogdanovich,RU,2021-12-20 23:41:09,56.7803,62.0494,25.38,91,100,13.94
508,Linares,CL,2021-12-20 23:41:10,-35.85,-71.6,80.29,20,0,10.29
509,Barcelona,ES,2021-12-20 23:37:33,41.3888,2.159,52.97,76,0,1.01
510,Lasa,IT,2021-12-20 23:41:10,46.6166,10.7002,27.48,41,7,2.89
511,Hoa Binh,VN,2021-12-20 23:41:10,20.8133,105.3383,60.69,77,0,2.73
512,Bichura,RU,2021-12-20 23:41:11,50.5881,107.6022,-2.33,95,94,1.25
513,Manicore,BR,2021-12-20 23:41:11,-5.8092,-61.3003,75.27,98,100,2.77
514,Udachnyy,RU,2021-12-20 23:41:11,66.4167,112.4,-15.56,75,100,6.11
515,Havoysund,NO,2021-12-20 23:41:12,70.9963,24.6622,18.48,80,88,6.78
516,Ormara,PK,2021-12-20 23:41:12,25.2088,64.6357,72.0,77,78,11.86
517,Tarko-Sale,RU,2021-12-20 23:41:12,64.9225,77.785,-22.88,83,64,13.24
518,Buraydah,SA,2021-12-20 23:41:12,26.326,43.975,63.05,32,14,10.36
519,Marang,MY,2021-12-20 23:41:13,5.2056,103.2059,75.11,82,88,0.81
520,Nuuk,GL,2021-12-20 23:41:13,64.1835,-51.7216,52.41,30,40,20.71
521,Dewa,IN,2021-12-20 23:41:13,27.0333,81.1667,44.6,35,30,3.69
522,Jodar,ES,2021-12-20 23:41:13,37.8406,-3.3526,56.84,59,84,1.57
523,Severomuysk,RU,2021-12-20 23:41:14,56.1481,113.4267,-40.05,94,23,3.04
524,Sioux Lookout,CA,2021-12-20 23:41:14,50.1001,-91.917,-1.82,71,20,6.91
525,Khash,IR,2021-12-20 23:41:14,28.2211,61.2158,52.95,52,97,2.33
526,Sorong,ID,2021-12-20 23:41:15,-0.8833,131.25,81.72,79,94,3.29
527,Perivolion,GR,2021-12-20 23:41:15,39.4206,20.0147,50.0,64,28,12.39
528,Kabanjahe,ID,2021-12-20 23:41:15,3.1001,98.4908,63.09,97,100,4.25
529,Omsukchan,RU,2021-12-20 23:41:16,62.5333,155.8,-26.48,86,100,2.3
530,Smoky Lake,CA,2021-12-20 23:41:16,54.1169,-112.4686,6.71,85,100,4.61
531,Chara,RU,2021-12-20 23:41:17,56.9064,118.2631,-37.23,80,28,0.49
532,Dunmore Town,BS,2021-12-20 23:41:17,25.5,-76.65,77.4,76,45,7.65
533,Mecca,SA,2021-12-20 23:41:17,21.4267,39.8261,67.37,59,5,8.03
534,Port-Gentil,GA,2021-12-20 23:41:17,-0.7193,8.7815,81.05,79,90,9.1
535,Plouzane,FR,2021-12-20 23:41:18,48.3833,-4.6167,37.58,87,90,8.05
536,Jacareacanga,BR,2021-12-20 23:41:18,-6.2222,-57.7528,74.61,99,100,1.14
537,Port Lincoln,AU,2021-12-20 23:41:18,-34.7333,135.8667,67.28,63,47,5.88
538,Parauna,BR,2021-12-20 23:39:12,-16.9478,-50.4486,73.24,84,91,1.59
539,Tobermory,CA,2021-12-20 23:41:19,45.2501,-81.6665,33.31,91,100,26.91
540,Kirovsk,UA,2021-12-20 23:41:19,48.6375,38.6428,25.36,95,15,5.97
541,Alekseyevskoye,RU,2021-12-20 23:41:19,55.3071,50.1135,29.08,95,47,8.66
542,San Francisco,US,2021-12-20 23:36:42,37.7749,-122.4194,58.41,74,90,3.0
543,Aitape,PG,2021-12-20 23:41:20,-3.1374,142.3475,77.32,93,100,5.93
544,Kamaishi,JP,2021-12-20 23:41:20,39.2667,141.8833,34.75,77,59,9.24
545,Santa Rita,BR,2021-12-20 23:41:20,-7.1139,-34.9781,81.27,83,40,6.91
546,Bouar,CF,2021-12-20 23:41:20,5.934,15.596,68.56,33,42,6.35
547,Warrington,GB,2021-12-20 23:41:21,53.3925,-2.5802,41.45,82,90,1.99
548,Umm Kaddadah,SD,2021-12-20 23:41:21,13.6017,26.6876,62.38,24,2,19.73
549,Kulhudhuffushi,MV,2021-12-20 23:41:21,6.6221,73.07,81.14,76,19,8.84
550,Monte Santo,BR,2021-12-20 23:42:21,-10.4378,-39.3328,72.16,88,100,8.43
551,Batagay,RU,2021-12-20 23:42:22,67.6333,134.6333,-40.0,94,100,2.42
552,Izhma,RU,2021-12-20 23:42:22,65.0083,53.9113,-0.96,91,100,5.93
553,Williamsburg,US,2021-12-20 23:42:22,37.2707,-76.7075,40.75,81,1,0.0
554,Pringsewu,ID,2021-12-20 23:42:23,-5.3582,104.9744,75.49,91,100,1.92
555,Inhambane,MZ,2021-12-20 23:42:23,-23.865,35.3833,72.43,78,96,6.53
556,Paris,FR,2021-12-20 23:39:38,48.8534,2.3488,40.59,76,20,1.01
557,Ruffano,IT,2021-12-20 23:42:23,39.9829,18.2464,44.08,85,1,7.58
558,Sobolevo,RU,2021-12-20 23:42:24,54.4299,31.8996,5.38,87,68,11.56
559,Ouesso,CG,2021-12-20 23:38:27,1.6136,16.0517,75.88,58,88,2.01
560,Jiayuguan,CN,2021-12-20 23:42:24,39.8167,98.3,24.26,23,8,4.88
561,Inverell,AU,2021-12-20 23:42:24,-29.7833,151.1167,88.11,56,1,4.0
562,Opuwo,NA,2021-12-20 23:42:25,-18.0607,13.84,73.15,34,21,2.39
563,Zwettl,AT,2021-12-20 23:42:25,48.6,15.1667,29.16,92,69,6.46
564,Kirakira,SB,2021-12-20 23:42:25,-10.4544,161.9205,82.29,84,99,4.09
565,Presidencia Roque Saenz Pena,AR,2021-12-20 23:42:25,-26.7852,-60.4388,83.91,53,99,2.48
566,Arman,RU,2021-12-20 23:42:26,59.7,150.1667,0.01,95,100,6.64
567,Peniche,PT,2021-12-20 23:42:26,39.3558,-9.3811,64.62,90,100,18.92
568,Upata,VE,2021-12-20 23:42:26,8.0086,-62.3989,70.7,98,88,3.62
569,Itaituba,BR,2021-12-20 23:42:27,-4.2761,-55.9836,78.96,100,40,0.0
570,Tukrah,LY,2021-12-20 23:42:27,32.5341,20.5791,58.84,74,78,11.79
